,ano_eleicao,nr_turno,nr_candidato,nm_urna_candidato,uf,votos,perc_votos
0,2018,1,12,CIRO GOMES,AC,21809,5.170729625537605
1,2018,1,12,CIRO GOMES,AL,155457,10.122572352459326
2,2018,1,12,CIRO GOMES,AM,138997,7.49879558111795
3,2018,1,12,CIRO GOMES,AP,50553,12.337312114253082
4,2018,1,12,CIRO GOMES,BA,693273,9.40854673480314
5,2018,1,12,CIRO GOMES,CE,1998597,40.95355577845376
6,2018,1,12,CIRO GOMES,DF,266272,16.595149817670986
7,2018,1,12,CIRO GOMES,ES,195553,9.543136952528563
8,2018,1,12,CIRO GOMES,GO,280864,8.602822418232847
9,2018,1,12,CIRO GOMES,MA,282472,8.389558849604702
10,2018,1,12,CIRO GOMES,MG,1278819,11.638626560538434
11,2018,1,12,CIRO GOMES,MS,112296,8.0386844149197
12,2018,1,12,CIRO GOMES,MT,91344,5.589742836581533
13,2018,1,12,CIRO GOMES,PA,415593,10.031850939053548
14,2018,1,12,CIRO GOMES,PB,362775,16.75214172512773
15,2018,1,12,CIRO GOMES,PE,640860,13.562554600678572
16,2018,1,12,CIRO GOMES,PI,211240,11.424906013868465
17,2018,1,12,CIRO GOMES,PR,510541,8.30730289150655
18,2018,1,12,CIRO GOMES,RJ,1300292,15.219854687710141
19,2018,1,12,CIRO GOMES,RN,399766,22.30522141684238
20,2018,1,12,CIRO GOMES,RO,52118,6.025891980700681
21,2018,1,12,CIRO GOMES,RR,14838,5.3607815367718255
22,2018,1,12,CIRO GOMES,RS,724429,11.368164387998561
23,2018,1,12,CIRO GOMES,SC,264312,6.681660748327197
24,2018,1,12,CIRO GOMES,SE,148526,13.024255072870448
25,2018,1,12,CIRO GOMES,SP,2650440,11.34957000192568
26,2018,1,12,CIRO GOMES,TO,54262,7.17030498440721
27,2018,1,12,CIRO GOMES,ZZ,27991,14.513712090179872
28,2018,1,13,FERNANDO HADDAD,AC,78170,18.533446505033453
29,2018,1,13,FERNANDO HADDAD,AL,687247,44.75004330143136
30,2018,1,13,FERNANDO HADDAD,AM,746998,40.300044616099235
31,2018,1,13,FERNANDO HADDAD,AP,134287,32.772350441847244
32,2018,1,13,FERNANDO HADDAD,BA,4441955,60.28266095952457
33,2018,1,13,FERNANDO HADDAD,CE,1616492,33.123783978172824
34,2018,1,13,FERNANDO HADDAD,DF,190508,11.87323038646521
35,2018,1,13,FERNANDO HADDAD,ES,495868,24.198740159324753
36,2018,1,13,FERNANDO HADDAD,GO,713535,21.855470598559357
37,2018,1,13,FERNANDO HADDAD,MA,2062638,61.26137417666509
38,2018,1,13,FERNANDO HADDAD,MG,3037957,27.648671962157007
39,2018,1,13,FERNANDO HADDAD,MS,333407,23.866866626817806
40,2018,1,13,FERNANDO HADDAD,MT,404604,24.75950594075401
41,2018,1,13,FERNANDO HADDAD,PA,1714822,41.39347556626238
42,2018,1,13,FERNANDO HADDAD,PB,984398,45.457307724987345
43,2018,1,13,FERNANDO HADDAD,PE,2309104,48.86769197429282
44,2018,1,13,FERNANDO HADDAD,PI,1172147,63.395518412411846
45,2018,1,13,FERNANDO HADDAD,PR,1210974,19.7044464827296
46,2018,1,13,FERNANDO HADDAD,RJ,1255425,14.694688632490626
47,2018,1,13,FERNANDO HADDAD,RN,738165,41.186428478568594
48,2018,1,13,FERNANDO HADDAD,RO,176107,20.361521145194654
49,2018,1,13,FERNANDO HADDAD,RR,49406,17.849762272930906
50,2018,1,13,FERNANDO HADDAD,RS,1453291,22.8058940097633
51,2018,1,13,FERNANDO HADDAD,SC,598578,15.13171981375116
52,2018,1,13,FERNANDO HADDAD,SE,571234,50.09154843122467
53,2018,1,13,FERNANDO HADDAD,SP,3833982,16.417669177616933
54,2018,1,13,FERNANDO HADDAD,TO,311212,41.12426661028595
55,2018,1,13,FERNANDO HADDAD,ZZ,19485,10.10323604291218
56,2018,1,15,HENRIQUE MEIRELLES,AC,6458,1.5311372333312785
57,2018,1,15,HENRIQUE MEIRELLES,AL,43895,2.8582200442000176
58,2018,1,15,HENRIQUE MEIRELLES,AM,23420,1.263493402805689
59,2018,1,15,HENRIQUE MEIRELLES,AP,5611,1.3693481746498535
60,2018,1,15,HENRIQUE MEIRELLES,BA,33109,0.4493288702179331
61,2018,1,15,HENRIQUE MEIRELLES,CE,27902,0.5717441351760343
62,2018,1,15,HENRIQUE MEIRELLES,DF,26939,1.6789476209974716
63,2018,1,15,HENRIQUE MEIRELLES,ES,22232,1.0849387159931836
64,2018,1,15,HENRIQUE MEIRELLES,GO,90778,2.780516596937811
65,2018,1,15,HENRIQUE MEIRELLES,MA,52214,1.5507817616374715
66,2018,1,15,HENRIQUE MEIRELLES,MG,111999,1.0193112052243078
67,2018,1,15,HENRIQUE MEIRELLES,MS,18154,1.2995500896599363
68,2018,1,15,HENRIQUE MEIRELLES,MT,16735,1.0240885703515497
69,2018,1,15,HENRIQUE MEIRELLES,PA,100724,2.431340648146695
70,2018,1,15,HENRIQUE MEIRELLES,PB,21900,1.0112932362491827
71,2018,1,15,HENRIQUE MEIRELLES,PE,32088,0.6790800674508848
72,2018,1,15,HENRIQUE MEIRELLES,PI,16761,0.9065179402501862
73,2018,1,15,HENRIQUE MEIRELLES,PR,73795,1.2007604029426155
74,2018,1,15,HENRIQUE MEIRELLES,RJ,77333,0.9051790079187507
75,2018,1,15,HENRIQUE MEIRELLES,RN,11480,0.6405345673852967
76,2018,1,15,HENRIQUE MEIRELLES,RO,12829,1.4832911512415872
77,2018,1,15,HENRIQUE MEIRELLES,RR,3426,1.2377704235732763
78,2018,1,15,HENRIQUE MEIRELLES,RS,124713,1.9570694786106915
79,2018,1,15,HENRIQUE MEIRELLES,SC,51670,1.3061889390798231
80,2018,1,15,HENRIQUE MEIRELLES,SE,8784,0.7702695592697171
81,2018,1,15,HENRIQUE MEIRELLES,SP,267725,1.1464374325642357
82,2018,1,15,HENRIQUE MEIRELLES,TO,5324,0.7035255563190443
83,2018,1,15,HENRIQUE MEIRELLES,ZZ,947,0.49103230857776925
84,2018,1,16,VERA,AC,80,0.018967324042505774
85,2018,1,16,VERA,AL,744,0.04844551117176929
86,2018,1,16,VERA,AM,835,0.045047693908742546
87,2018,1,16,VERA,AP,560,0.13666636567526608
88,2018,1,16,VERA,BA,2240,0.03039948863717328
89,2018,1,16,VERA,CE,1563,0.032027671252245066
90,2018,1,16,VERA,DF,908,0.0565902386824197
91,2018,1,16,VERA,ES,711,0.03469734738535235
92,2018,1,16,VERA,GO,1011,0.030966779170108698
93,2018,1,16,VERA,MA,2842,0.0844088130879399
94,2018,1,16,VERA,MG,6160,0.05606261684641591
95,2018,1,16,VERA,MS,623,0.04459731771830673
96,2018,1,16,VERA,MT,610,0.03732859443767226
97,2018,1,16,VERA,PA,2391,0.057715494715447645
98,2018,1,16,VERA,PB,819,0.037819596369318746
99,2018,1,16,VERA,PE,2021,0.042770531548187427
100,2018,1,16,VERA,PI,850,0.045972212231529044
101,2018,1,16,VERA,PR,2246,0.036545943017943144
102,2018,1,16,VERA,RJ,6005,0.07028823325814462
103,2018,1,16,VERA,RN,1034,0.05769274761989518
104,2018,1,16,VERA,RO,464,0.05364775852958894
105,2018,1,16,VERA,RR,146,0.05274795150078761
106,2018,1,16,VERA,RS,3086,0.048427320415615004
107,2018,1,16,VERA,SC,1686,0.042621144789792564
108,2018,1,16,VERA,SE,3093,0.2712253810133464
109,2018,1,16,VERA,SP,12434,0.05324419847419444
110,2018,1,16,VERA,TO,251,0.033167714995507164
111,2018,1,16,VERA,ZZ,349,0.18096122037343346
112,2018,1,17,JAIR BOLSONARO,AC,262508,62.238428746876316
113,2018,1,17,JAIR BOLSONARO,AL,528355,34.40380114940882
114,2018,1,17,JAIR BOLSONARO,AM,805902,43.4778761873574
115,2018,1,17,JAIR BOLSONARO,AP,166935,40.73999956071525
116,2018,1,17,JAIR BOLSONARO,BA,1725140,23.41222045872014
117,2018,1,17,JAIR BOLSONARO,CE,1061075,21.742649567483
118,2018,1,17,JAIR BOLSONARO,DF,936494,58.36610020336338
119,2018,1,17,JAIR BOLSONARO,ES,1122131,54.760856707275416
120,2018,1,17,JAIR BOLSONARO,GO,1868686,57.237573392951276
121,2018,1,17,JAIR BOLSONARO,MA,817531,24.28107718951323
122,2018,1,17,JAIR BOLSONARO,MG,5308047,48.308929409702515
123,2018,1,17,JAIR BOLSONARO,MS,769116,55.05699938079166
124,2018,1,17,JAIR BOLSONARO,MT,981119,60.03900532146651
125,2018,1,17,JAIR BOLSONARO,PA,1499294,36.190922180636704
126,2018,1,17,JAIR BOLSONARO,PB,677718,31.29550819563121
127,2018,1,17,JAIR BOLSONARO,PE,1444685,30.573946249229667
128,2018,1,17,JAIR BOLSONARO,PI,346944,18.764450824065428
129,2018,1,17,JAIR BOLSONARO,PR,3496448,56.89269339857581
130,2018,1,17,JAIR BOLSONARO,RJ,5107735,59.78579002511063
131,2018,1,17,JAIR BOLSONARO,RN,541448,30.210466937424574
132,2018,1,17,JAIR BOLSONARO,RO,538311,62.23960892633955
133,2018,1,17,JAIR BOLSONARO,RR,174306,62.97455091983757
134,2018,1,17,JAIR BOLSONARO,RS,3353623,52.62701736039405
135,2018,1,17,JAIR BOLSONARO,SC,2603665,65.81920696863301
136,2018,1,17,JAIR BOLSONARO,SE,310310,27.211105070239743
137,2018,1,17,JAIR BOLSONARO,SP,12378012,53.004449705964326
138,2018,1,17,JAIR BOLSONARO,TO,337782,44.63528727734024
139,2018,1,17,JAIR BOLSONARO,ZZ,113382,58.79010053977258
140,2018,1,18,MARINA SILVA,AC,10557,2.502975498959168
141,2018,1,18,MARINA SILVA,AL,15843,1.0316159052343292
142,2018,1,18,MARINA SILVA,AM,29196,1.575104756119338
143,2018,1,18,MARINA SILVA,AP,9008,2.19837611071928
144,2018,1,18,MARINA SILVA,BA,61481,0.8343709646884153
145,2018,1,18,MARINA SILVA,CE,18071,0.37029561561056973
146,2018,1,18,MARINA SILVA,DF,32115,2.0015369111078285
147,2018,1,18,MARINA SILVA,ES,26529,1.294635624171607
148,2018,1,18,MARINA SILVA,GO,28783,0.8816189958983567
149,2018,1,18,MARINA SILVA,MA,23635,0.7019712517007247
150,2018,1,18,MARINA SILVA,MG,97410,0.8865356342547686
151,2018,1,18,MARINA SILVA,MS,12279,0.8789895092505431
152,2018,1,18,MARINA SILVA,MT,12487,0.7641346864642845
153,2018,1,18,MARINA SILVA,PA,53682,1.2958106178647681
154,2018,1,18,MARINA SILVA,PB,12508,0.5775915889956519
155,2018,1,18,MARINA SILVA,PE,46524,0.9845899108104265
156,2018,1,18,MARINA SILVA,PI,13313,0.7200330134568778
157,2018,1,18,MARINA SILVA,PR,47335,0.7702146984658677
158,2018,1,18,MARINA SILVA,RJ,130794,1.5309374156146158
159,2018,1,18,MARINA SILVA,RN,10690,0.5964559691070401
160,2018,1,18,MARINA SILVA,RO,7351,0.8499238641185523
161,2018,1,18,MARINA SILVA,RR,4098,1.4805555154125178
162,2018,1,18,MARINA SILVA,RS,50007,0.7847391484198508
163,2018,1,18,MARINA SILVA,SC,25813,0.652538321743129
164,2018,1,18,MARINA SILVA,SE,15829,1.388046089899858
165,2018,1,18,MARINA SILVA,SP,262050,1.1221362562459911
166,2018,1,18,MARINA SILVA,TO,7229,0.9552566203287699
167,2018,1,18,MARINA SILVA,ZZ,4953,2.568197491431564
168,2018,1,19,ALVARO DIAS,AC,1531,0.3629871638634542
169,2018,1,19,ALVARO DIAS,AL,5128,0.3339093834527324
170,2018,1,19,ALVARO DIAS,AM,8589,0.46337082991879003
171,2018,1,19,ALVARO DIAS,AP,1435,0.3502075620428693
172,2018,1,19,ALVARO DIAS,BA,20838,0.2827966715274182
173,2018,1,19,ALVARO DIAS,CE,8142,0.1668389631067046
174,2018,1,19,ALVARO DIAS,DF,11138,0.6941652846308266
175,2018,1,19,ALVARO DIAS,ES,11352,0.553986339688495
176,2018,1,19,ALVARO DIAS,GO,15628,0.47868330847720936
177,2018,1,19,ALVARO DIAS,MA,6320,0.187707142405271
178,2018,1,19,ALVARO DIAS,MG,46716,0.4251657806164231
179,2018,1,19,ALVARO DIAS,MS,12527,0.8967425346022928
180,2018,1,19,ALVARO DIAS,MT,13086,0.8007901423137365
181,2018,1,19,ALVARO DIAS,PA,12407,0.29948814008137137
182,2018,1,19,ALVARO DIAS,PB,6078,0.2806685063891567
183,2018,1,19,ALVARO DIAS,PE,9853,0.20851956820598255
184,2018,1,19,ALVARO DIAS,PI,5218,0.2822152981460218
185,2018,1,19,ALVARO DIAS,PR,322416,5.246214053460889
186,2018,1,19,ALVARO DIAS,RJ,41544,0.4862705016613423
187,2018,1,19,ALVARO DIAS,RN,5148,0.2872362328309675
188,2018,1,19,ALVARO DIAS,RO,8738,1.010289038861095
189,2018,1,19,ALVARO DIAS,RR,1472,0.5318149630764339
190,2018,1,19,ALVARO DIAS,RS,44890,0.7044401858253265
191,2018,1,19,ALVARO DIAS,SC,51771,1.3087421630559612
192,2018,1,19,ALVARO DIAS,SE,4483,0.39311457584313997
193,2018,1,19,ALVARO DIAS,SP,177949,0.7620035285736229
194,2018,1,19,ALVARO DIAS,TO,2471,0.32652360061314023
195,2018,1,19,ALVARO DIAS,ZZ,2728,1.4145048973602476
196,2018,1,27,EYMAEL,AC,241,0.057139063678048635
197,2018,1,27,EYMAEL,AL,410,0.026697123091969636
198,2018,1,27,EYMAEL,AM,1091,0.058858723418488766
199,2018,1,27,EYMAEL,AP,247,0.06027962914605486
200,2018,1,27,EYMAEL,BA,2087,0.02832309499365207
201,2018,1,27,EYMAEL,CE,1261,0.02583934321758223
202,2018,1,27,EYMAEL,DF,822,0.05123037026095703
203,2018,1,27,EYMAEL,ES,792,0.03865020974570895
204,2018,1,27,EYMAEL,GO,1291,0.03954313739724068
205,2018,1,27,EYMAEL,MA,776,0.02304758583963454
206,2018,1,27,EYMAEL,MG,3643,0.03315521317719045
207,2018,1,27,EYMAEL,MS,325,0.02326505338434942
208,2018,1,27,EYMAEL,MT,598,0.036594261432341
209,2018,1,27,EYMAEL,PA,1413,0.03410790214677019
210,2018,1,27,EYMAEL,PB,526,0.024289508779318267
211,2018,1,27,EYMAEL,PE,1046,0.022136554180803587
212,2018,1,27,EYMAEL,PI,551,0.029800810517144123
213,2018,1,27,EYMAEL,PR,1582,0.025741621484588625
214,2018,1,27,EYMAEL,RJ,4636,0.054264154768486006
215,2018,1,27,EYMAEL,RN,486,0.0271167072952312
216,2018,1,27,EYMAEL,RO,272,0.031448686034586615
217,2018,1,27,EYMAEL,RR,116,0.041909331329392896
218,2018,1,27,EYMAEL,RS,1525,0.023931193659693088
219,2018,1,27,EYMAEL,SC,859,0.02171504351982907
220,2018,1,27,EYMAEL,SE,231,0.02025640575948368
221,2018,1,27,EYMAEL,SP,14462,0.06192838976466142
222,2018,1,27,EYMAEL,TO,242,0.031978434378138375
223,2018,1,27,EYMAEL,ZZ,178,0.09229540752570531
224,2018,1,30,JOÃO AMOÊDO,AC,1990,0.4718121855573311
225,2018,1,30,JOÃO AMOÊDO,AL,11697,0.7616493873335825
226,2018,1,30,JOÃO AMOÊDO,AM,26888,1.4505896931955322
227,2018,1,30,JOÃO AMOÊDO,AP,7490,1.8279126409066835
228,2018,1,30,JOÃO AMOÊDO,BA,43800,0.5944185724590133
229,2018,1,30,JOÃO AMOÊDO,CE,23198,0.4753537541328093
230,2018,1,30,JOÃO AMOÊDO,DF,44879,2.7970411033351468
231,2018,1,30,JOÃO AMOÊDO,ES,44306,2.1621669103451775
232,2018,1,30,JOÃO AMOÊDO,GO,70023,2.144794043351653
233,2018,1,30,JOÃO AMOÊDO,MA,17233,0.5118286685237398
234,2018,1,30,JOÃO AMOÊDO,MG,426334,3.8800973523701106
235,2018,1,30,JOÃO AMOÊDO,MS,26491,1.8963523975532321
236,2018,1,30,JOÃO AMOÊDO,MT,25971,1.5892802067881744
237,2018,1,30,JOÃO AMOÊDO,PA,28314,0.6834615296416497
238,2018,1,30,JOÃO AMOÊDO,PB,16859,0.7785110808184917
239,2018,1,30,JOÃO AMOÊDO,PE,46153,0.9767384178839655
240,2018,1,30,JOÃO AMOÊDO,PI,15308,0.8279324998120547
241,2018,1,30,JOÃO AMOÊDO,PR,190686,3.102760325164518
242,2018,1,30,JOÃO AMOÊDO,RJ,139208,1.6294228768359362
243,2018,1,30,JOÃO AMOÊDO,RN,15570,0.8687389559398142
244,2018,1,30,JOÃO AMOÊDO,RO,16329,1.8879617435984004
245,2018,1,30,JOÃO AMOÊDO,RR,4309,1.5567871439513274
246,2018,1,30,JOÃO AMOÊDO,RS,186087,2.9201862521647923
247,2018,1,30,JOÃO AMOÊDO,SC,158562,4.008359406974549
248,2018,1,30,JOÃO AMOÊDO,SE,9192,0.8060471071046493
249,2018,1,30,JOÃO AMOÊDO,SP,1062118,4.548143927538559
250,2018,1,30,JOÃO AMOÊDO,TO,7113,0.9399281145937947
251,2018,1,30,JOÃO AMOÊDO,ZZ,13604,7.053857999885928
252,2018,1,45,GERALDO ALCKMIN,AC,33115,7.851286695844734
253,2018,1,45,GERALDO ALCKMIN,AL,58580,3.8144328554331253
254,2018,1,45,GERALDO ALCKMIN,AM,29190,1.5747810601152035
255,2018,1,45,GERALDO ALCKMIN,AP,19241,4.695709896353204
256,2018,1,45,GERALDO ALCKMIN,BA,172900,2.346460529181813
257,2018,1,45,GERALDO ALCKMIN,CE,53157,1.089248189862822
258,2018,1,45,GERALDO ALCKMIN,DF,53640,3.343062117758802
259,2018,1,45,GERALDO ALCKMIN,ES,79049,3.8576520583188723
260,2018,1,45,GERALDO ALCKMIN,GO,146440,4.485435352790027
261,2018,1,45,GERALDO ALCKMIN,MA,50654,1.5044489859804742
262,2018,1,45,GERALDO ALCKMIN,MG,506590,4.610513160426272
263,2018,1,45,GERALDO ALCKMIN,MS,90897,6.50684171531449
264,2018,1,45,GERALDO ALCKMIN,MT,67498,4.130500766154102
265,2018,1,45,GERALDO ALCKMIN,PA,229122,5.530694094601754
266,2018,1,45,GERALDO ALCKMIN,PB,51334,2.3704898168774218
267,2018,1,45,GERALDO ALCKMIN,PE,77987,1.6504430696924755
268,2018,1,45,GERALDO ALCKMIN,PI,47974,2.594671658347499
269,2018,1,45,GERALDO ALCKMIN,PR,220744,3.591851133371702
270,2018,1,45,GERALDO ALCKMIN,RJ,208325,2.4384340039139016
271,2018,1,45,GERALDO ALCKMIN,RN,40405,2.254425017003738
272,2018,1,45,GERALDO ALCKMIN,RO,37048,4.283496030181489
273,2018,1,45,GERALDO ALCKMIN,RR,19231,6.947916817203057
274,2018,1,45,GERALDO ALCKMIN,RS,350800,5.5049591710297285
275,2018,1,45,GERALDO ALCKMIN,SC,154068,3.894753579759051
276,2018,1,45,GERALDO ALCKMIN,SE,45978,4.031813956751258
277,2018,1,45,GERALDO ALCKMIN,SP,2224049,9.523701654522574
278,2018,1,45,GERALDO ALCKMIN,TO,21666,2.862994872879116
279,2018,1,45,GERALDO ALCKMIN,ZZ,6648,3.4470779170274657
280,2018,1,50,GUILHERME BOULOS,AC,1642,0.389304325972431
281,2018,1,50,GUILHERME BOULOS,AL,8863,0.5771136633271388
282,2018,1,50,GUILHERME BOULOS,AM,11090,0.5982981143089279
283,2018,1,50,GUILHERME BOULOS,AP,5432,1.325663747050081
284,2018,1,50,GUILHERME BOULOS,BA,31499,0.4274792377599648
285,2018,1,50,GUILHERME BOULOS,CE,15103,0.3094778751904397
286,2018,1,50,GUILHERME BOULOS,DF,13177,0.8212440254606215
287,2018,1,50,GUILHERME BOULOS,ES,8358,0.4078768346649437
288,2018,1,50,GUILHERME BOULOS,GO,13806,0.4228757202992291
289,2018,1,50,GUILHERME BOULOS,MA,16016,0.4756831634118387
290,2018,1,50,GUILHERME BOULOS,MG,50587,0.460396038702864
291,2018,1,50,GUILHERME BOULOS,MS,6174,0.44196442952299486
292,2018,1,50,GUILHERME BOULOS,MT,6858,0.4196713125468137
293,2018,1,50,GUILHERME BOULOS,PA,32417,0.7825023806736371
294,2018,1,50,GUILHERME BOULOS,PB,6901,0.3186728138518543
295,2018,1,50,GUILHERME BOULOS,PE,20688,0.43782125515531994
296,2018,1,50,GUILHERME BOULOS,PI,6145,0.3323520519561717
297,2018,1,50,GUILHERME BOULOS,PR,27091,0.4408130642471495
298,2018,1,50,GUILHERME BOULOS,RJ,57846,0.6770846196587234
299,2018,1,50,GUILHERME BOULOS,RN,6975,0.3891749658111885
300,2018,1,50,GUILHERME BOULOS,RO,5368,0.6206490685061065
301,2018,1,50,GUILHERME BOULOS,RR,2443,0.8826249692905762
302,2018,1,50,GUILHERME BOULOS,RS,41736,0.6549457695612793
303,2018,1,50,GUILHERME BOULOS,SC,21484,0.5431036030035015
304,2018,1,50,GUILHERME BOULOS,SE,7934,0.6957330012802749
305,2018,1,50,GUILHERME BOULOS,SP,187451,0.8026924761288582
306,2018,1,50,GUILHERME BOULOS,TO,2764,0.36524129182303505
307,2018,1,50,GUILHERME BOULOS,ZZ,1271,0.6590306908155699
308,2018,1,51,CABO DACIOLO,AC,3564,0.8449942860936323
309,2018,1,51,CABO DACIOLO,AL,19106,1.244085936085785
310,2018,1,51,CABO DACIOLO,AM,31107,1.6782019334362328
311,2018,1,51,CABO DACIOLO,AP,8882,2.167626178442345
312,2018,1,51,CABO DACIOLO,BA,138234,1.8760013001209872
313,2018,1,51,CABO DACIOLO,CE,54786,1.1226282771756226
314,2018,1,51,CABO DACIOLO,DF,26925,1.6780750842776984
315,2018,1,51,CABO DACIOLO,ES,41734,2.0366513302113853
316,2018,1,51,CABO DACIOLO,GO,33349,1.0214748947022303
317,2018,1,51,CABO DACIOLO,MA,34204,1.0158758067768812
318,2018,1,51,CABO DACIOLO,MG,110054,1.0016096159765353
319,2018,1,51,CABO DACIOLO,MS,14337,1.026310985758208
320,2018,1,51,CABO DACIOLO,MT,12907,0.7898363416508785
321,2018,1,51,CABO DACIOLO,PA,51547,1.2442746156826348
322,2018,1,51,CABO DACIOLO,PB,23280,1.0750185634648846
323,2018,1,51,CABO DACIOLO,PE,93330,1.9751478027671114
324,2018,1,51,CABO DACIOLO,PI,12212,0.6604854773781561
325,2018,1,51,CABO DACIOLO,PR,39955,0.6501305223873189
326,2018,1,51,CABO DACIOLO,RJ,211444,2.474941747383036
327,2018,1,51,CABO DACIOLO,RN,20575,1.1479964045254771
328,2018,1,51,CABO DACIOLO,RO,9816,1.1349275813069934
329,2018,1,51,CABO DACIOLO,RR,2928,1.057849328728124
330,2018,1,51,CABO DACIOLO,RS,35458,0.5564277146133755
331,2018,1,51,CABO DACIOLO,SC,22392,0.5660573393434373
332,2018,1,51,CABO DACIOLO,SE,14069,1.2337115698276013
333,2018,1,51,CABO DACIOLO,SP,274672,1.1761854980942525
334,2018,1,51,CABO DACIOLO,TO,6284,0.8303821555050479
335,2018,1,51,CABO DACIOLO,ZZ,1171,0.6071793382730389
336,2018,1,54,JOÃO GOULART FILHO,AC,113,0.026791345210039407
337,2018,1,54,JOÃO GOULART FILHO,AL,421,0.027413387370046872
338,2018,1,54,JOÃO GOULART FILHO,AM,288,0.015537408198464494
339,2018,1,54,JOÃO GOULART FILHO,AP,76,0.01854757819878611
340,2018,1,54,JOÃO GOULART FILHO,BA,1989,0.02699311736577574
341,2018,1,54,JOÃO GOULART FILHO,CE,808,0.016556851165587978
342,2018,1,54,JOÃO GOULART FILHO,DF,700,0.04362683598864955
343,2018,1,54,JOÃO GOULART FILHO,ES,533,0.026010810346544025
344,2018,1,54,JOÃO GOULART FILHO,GO,595,0.018224761232655463
345,2018,1,54,JOÃO GOULART FILHO,MA,412,0.012236604853001844
346,2018,1,54,JOÃO GOULART FILHO,MG,3398,0.030925450007162545
347,2018,1,54,JOÃO GOULART FILHO,MS,319,0.022835544706484506
348,2018,1,54,JOÃO GOULART FILHO,MT,319,0.019521019058389266
349,2018,1,54,JOÃO GOULART FILHO,PA,1009,0.02435589049263349
350,2018,1,54,JOÃO GOULART FILHO,PB,448,0.020687642458430768
351,2018,1,54,JOÃO GOULART FILHO,PE,877,0.018559998103790387
352,2018,1,54,JOÃO GOULART FILHO,PI,280,0.015143787558621332
353,2018,1,54,JOÃO GOULART FILHO,PR,1876,0.03052546264544138
354,2018,1,54,JOÃO GOULART FILHO,RJ,2806,0.032844093675662586
355,2018,1,54,JOÃO GOULART FILHO,RN,511,0.028511599645808933
356,2018,1,54,JOÃO GOULART FILHO,RO,150,0.01734302538672056
357,2018,1,54,JOÃO GOULART FILHO,RR,69,0.024928826394207838
358,2018,1,54,JOÃO GOULART FILHO,RS,2791,0.04379800754373995
359,2018,1,54,JOÃO GOULART FILHO,SC,923,0.023332928019560224
360,2018,1,54,JOÃO GOULART FILHO,SE,717,0.0628737789158
361,2018,1,54,JOÃO GOULART FILHO,SP,7435,0.03183775258610549
362,2018,1,54,JOÃO GOULART FILHO,TO,160,0.021142766531000584
363,2018,1,54,JOÃO GOULART FILHO,ZZ,152,0.07881405586464722
364,2018,2,13,FERNANDO HADDAD,AC,86977,22.776241502477244
365,2018,2,13,FERNANDO HADDAD,AL,912034,59.918390515377496
366,2018,2,13,FERNANDO HADDAD,AM,875845,49.72871478487389
367,2018,2,13,FERNANDO HADDAD,AP,183616,49.79930135173252
368,2018,2,13,FERNANDO HADDAD,BA,5484901,72.6931117096602
369,2018,2,13,FERNANDO HADDAD,CE,3407526,71.1069032746905
370,2018,2,13,FERNANDO HADDAD,DF,463340,30.01390768329867
371,2018,2,13,FERNANDO HADDAD,ES,747768,36.93814251185179
372,2018,2,13,FERNANDO HADDAD,GO,1118060,34.478239323498
373,2018,2,13,FERNANDO HADDAD,MA,2428913,73.25981351708563
374,2018,2,13,FERNANDO HADDAD,MG,4382952,41.8098572182032
375,2018,2,13,FERNANDO HADDAD,MS,465025,34.779301669167154
376,2018,2,13,FERNANDO HADDAD,MT,549001,33.58163717829126
377,2018,2,13,FERNANDO HADDAD,PA,2112769,54.80655166841031
378,2018,2,13,FERNANDO HADDAD,PB,1451293,64.98028150347716
379,2018,2,13,FERNANDO HADDAD,PE,3297944,66.50277963351063
380,2018,2,13,FERNANDO HADDAD,PI,1417113,77.0501759452982
381,2018,2,13,FERNANDO HADDAD,PR,1948790,31.568523713610077
382,2018,2,13,FERNANDO HADDAD,RJ,2673386,32.04559334823304
383,2018,2,13,FERNANDO HADDAD,RN,1131027,63.41298359655728
384,2018,2,13,FERNANDO HADDAD,RO,229343,27.822387424163935
385,2018,2,13,FERNANDO HADDAD,RR,72872,28.45006636995393
386,2018,2,13,FERNANDO HADDAD,RS,2263171,36.758239687843314
387,2018,2,13,FERNANDO HADDAD,SC,940724,24.078120976737445
388,2018,2,13,FERNANDO HADDAD,SE,759061,67.53686424579664
389,2018,2,13,FERNANDO HADDAD,SP,7212132,32.02807690061641
390,2018,2,13,FERNANDO HADDAD,TO,371593,51.023580313534545
391,2018,2,13,FERNANDO HADDAD,ZZ,53599,28.988101676581934
392,2018,2,17,JAIR BOLSONARO,AC,294899,77.22375849752275
393,2018,2,17,JAIR BOLSONARO,AL,610093,40.081609484622504
394,2018,2,17,JAIR BOLSONARO,AM,885401,50.271285215126106
395,2018,2,17,JAIR BOLSONARO,AP,185096,50.20069864826748
396,2018,2,17,JAIR BOLSONARO,BA,2060382,27.306888290339803
397,2018,2,17,JAIR BOLSONARO,CE,1384591,28.8930967253095
398,2018,2,17,JAIR BOLSONARO,DF,1080411,69.98609231670133
399,2018,2,17,JAIR BOLSONARO,ES,1276611,63.06185748814822
400,2018,2,17,JAIR BOLSONARO,GO,2124739,65.521760676502
401,2018,2,17,JAIR BOLSONARO,MA,886565,26.74018648291438
402,2018,2,17,JAIR BOLSONARO,MG,6100107,58.19014278179681
403,2018,2,17,JAIR BOLSONARO,MS,872049,65.22069833083285
404,2018,2,17,JAIR BOLSONARO,MT,1085824,66.41836282170874
405,2018,2,17,JAIR BOLSONARO,PA,1742188,45.19344833158969
406,2018,2,17,JAIR BOLSONARO,PB,782143,35.01971849652284
407,2018,2,17,JAIR BOLSONARO,PE,1661163,33.49722036648937
408,2018,2,17,JAIR BOLSONARO,PI,422095,22.949824054701807
409,2018,2,17,JAIR BOLSONARO,PR,4224416,68.43147628638992
410,2018,2,17,JAIR BOLSONARO,RJ,5669059,67.95440665176696
411,2018,2,17,JAIR BOLSONARO,RN,652562,36.587016403442725
412,2018,2,17,JAIR BOLSONARO,RO,594968,72.17761257583606
413,2018,2,17,JAIR BOLSONARO,RR,183268,71.54993363004607
414,2018,2,17,JAIR BOLSONARO,RS,3893737,63.24176031215669
415,2018,2,17,JAIR BOLSONARO,SC,2966242,75.92187902326255
416,2018,2,17,JAIR BOLSONARO,SE,364860,32.463135754203364
417,2018,2,17,JAIR BOLSONARO,SP,15306023,67.97192309938359
418,2018,2,17,JAIR BOLSONARO,TO,356684,48.97641968646545
419,2018,2,17,JAIR BOLSONARO,ZZ,131301,71.01189832341807
420,2022,1,21,SOFIA MANZANO,AC,144,0.03
421,2022,1,27,CONSTITUINTE EYMAEL,AC,44,0.01
422,2022,1,13,LULA,AC,129022,29.26
423,2022,1,12,CIRO GOMES,AC,12314,2.79
424,2022,1,14,ROBERTO JEFFERSON,AC,279,0.06
425,2022,1,14,PADRE KELMON,AC,279,0.06
426,2022,1,30,FELIPE D AVILA,AC,825,0.19
427,2022,1,22,JAIR BOLSONARO,AC,275582,62.5
428,2022,1,44,SORAYA THRONICKE,AC,2444,0.55
429,2022,1,80,LÉO PÉRICLES,AC,64,0.01
430,2022,1,16,VERA,AC,77,0.02
431,2022,1,15,SIMONE TEBET,AC,20122,4.56
432,2022,1,21,SOFIA MANZANO,AL,494,0.03
433,2022,1,27,CONSTITUINTE EYMAEL,AL,139,0.01
434,2022,1,13,LULA,AL,974156,56.5
435,2022,1,12,CIRO GOMES,AL,43542,2.53
436,2022,1,14,ROBERTO JEFFERSON,AL,3020,0.18
437,2022,1,14,PADRE KELMON,AL,3020,0.18
438,2022,1,30,FELIPE D AVILA,AL,2450,0.14
439,2022,1,22,JAIR BOLSONARO,AL,621515,36.05
440,2022,1,44,SORAYA THRONICKE,AL,10683,0.62
441,2022,1,80,LÉO PÉRICLES,AL,482,0.03
442,2022,1,16,VERA,AL,325,0.02
443,2022,1,15,SIMONE TEBET,AL,67411,3.91
444,2022,1,21,SOFIA MANZANO,AM,476,0.02
445,2022,1,27,CONSTITUINTE EYMAEL,AM,267,0.01
446,2022,1,13,LULA,AM,1019684,49.58
447,2022,1,12,CIRO GOMES,AM,44527,2.16
448,2022,1,14,ROBERTO JEFFERSON,AM,1373,0.07
449,2022,1,14,PADRE KELMON,AM,1373,0.07
450,2022,1,30,FELIPE D AVILA,AM,5212,0.25
451,2022,1,22,JAIR BOLSONARO,AM,880198,42.8
452,2022,1,44,SORAYA THRONICKE,AM,17002,0.83
453,2022,1,80,LÉO PÉRICLES,AM,484,0.02
454,2022,1,16,VERA,AM,393,0.02
455,2022,1,15,SIMONE TEBET,AM,87060,4.23
456,2022,1,21,SOFIA MANZANO,AP,130,0.03
457,2022,1,27,CONSTITUINTE EYMAEL,AP,62,0.01
458,2022,1,13,LULA,AP,197382,45.67
459,2022,1,12,CIRO GOMES,AP,14670,3.39
460,2022,1,14,ROBERTO JEFFERSON,AP,359,0.08
461,2022,1,14,PADRE KELMON,AP,359,0.08
462,2022,1,30,FELIPE D AVILA,AP,1236,0.29
463,2022,1,22,JAIR BOLSONARO,AP,187621,43.41
464,2022,1,44,SORAYA THRONICKE,AP,2955,0.68
465,2022,1,80,LÉO PÉRICLES,AP,105,0.02
466,2022,1,16,VERA,AP,144,0.03
467,2022,1,15,SIMONE TEBET,AP,27497,6.36
468,2022,1,21,SOFIA MANZANO,BA,2423,0.03
469,2022,1,27,CONSTITUINTE EYMAEL,BA,753,0.01
470,2022,1,13,LULA,BA,5873081,69.73
471,2022,1,12,CIRO GOMES,BA,217224,2.58
472,2022,1,14,ROBERTO JEFFERSON,BA,4898,0.06
473,2022,1,14,PADRE KELMON,BA,4898,0.06
474,2022,1,30,FELIPE D AVILA,BA,11605,0.14
475,2022,1,22,JAIR BOLSONARO,BA,2047599,24.31
476,2022,1,44,SORAYA THRONICKE,BA,65046,0.77
477,2022,1,80,LÉO PÉRICLES,BA,1926,0.02
478,2022,1,16,VERA,BA,1148,0.01
479,2022,1,15,SIMONE TEBET,BA,197305,2.34
480,2022,1,21,SOFIA MANZANO,CE,1579,0.03
481,2022,1,27,CONSTITUINTE EYMAEL,CE,416,0.01
482,2022,1,13,LULA,CE,3578355,65.91
483,2022,1,12,CIRO GOMES,CE,369222,6.8
484,2022,1,14,ROBERTO JEFFERSON,CE,2278,0.04
485,2022,1,14,PADRE KELMON,CE,2278,0.04
486,2022,1,30,FELIPE D AVILA,CE,7030,0.13
487,2022,1,22,JAIR BOLSONARO,CE,1377827,25.38
488,2022,1,44,SORAYA THRONICKE,CE,24497,0.45
489,2022,1,80,LÉO PÉRICLES,CE,1129,0.02
490,2022,1,16,VERA,CE,717,0.01
491,2022,1,15,SIMONE TEBET,CE,66214,1.22
492,2022,1,21,SOFIA MANZANO,DF,894,0.05
493,2022,1,27,CONSTITUINTE EYMAEL,DF,518,0.03
494,2022,1,13,LULA,DF,649534,36.85
495,2022,1,12,CIRO GOMES,DF,74308,4.22
496,2022,1,14,ROBERTO JEFFERSON,DF,1554,0.09
497,2022,1,14,PADRE KELMON,DF,1554,0.09
498,2022,1,30,FELIPE D AVILA,DF,10342,0.59
499,2022,1,22,JAIR BOLSONARO,DF,910397,51.65
500,2022,1,44,SORAYA THRONICKE,DF,7935,0.45
501,2022,1,80,LÉO PÉRICLES,DF,1262,0.07
502,2022,1,16,VERA,DF,454,0.03
503,2022,1,15,SIMONE TEBET,DF,105377,5.98
504,2022,1,21,SOFIA MANZANO,ES,683,0.03
505,2022,1,27,CONSTITUINTE EYMAEL,ES,377,0.02
506,2022,1,13,LULA,ES,897348,40.4
507,2022,1,12,CIRO GOMES,ES,56221,2.53
508,2022,1,14,ROBERTO JEFFERSON,ES,1752,0.08
509,2022,1,14,PADRE KELMON,ES,1752,0.08
510,2022,1,30,FELIPE D AVILA,ES,8341,0.38
511,2022,1,22,JAIR BOLSONARO,ES,1160030,52.23
512,2022,1,44,SORAYA THRONICKE,ES,9944,0.45
513,2022,1,80,LÉO PÉRICLES,ES,672,0.03
514,2022,1,16,VERA,ES,437,0.02
515,2022,1,15,SIMONE TEBET,ES,85325,3.84
516,2022,1,21,SOFIA MANZANO,GO,1073,0.03
517,2022,1,27,CONSTITUINTE EYMAEL,GO,397,0.01
518,2022,1,13,LULA,GO,1454723,39.51
519,2022,1,12,CIRO GOMES,GO,90695,2.46
520,2022,1,14,ROBERTO JEFFERSON,GO,2303,0.06
521,2022,1,14,PADRE KELMON,GO,2303,0.06
522,2022,1,30,FELIPE D AVILA,GO,11145,0.3
523,2022,1,22,JAIR BOLSONARO,GO,1920203,52.16
524,2022,1,44,SORAYA THRONICKE,GO,28570,0.78
525,2022,1,80,LÉO PÉRICLES,GO,1120,0.03
526,2022,1,16,VERA,GO,498,0.01
527,2022,1,15,SIMONE TEBET,GO,170742,4.64
528,2022,1,21,SOFIA MANZANO,MA,727,0.02
529,2022,1,27,CONSTITUINTE EYMAEL,MA,391,0.01
530,2022,1,13,LULA,MA,2603454,68.84
531,2022,1,12,CIRO GOMES,MA,96095,2.54
532,2022,1,14,ROBERTO JEFFERSON,MA,4357,0.12
533,2022,1,14,PADRE KELMON,MA,4357,0.12
534,2022,1,30,FELIPE D AVILA,MA,4368,0.12
535,2022,1,22,JAIR BOLSONARO,MA,983861,26.02
536,2022,1,44,SORAYA THRONICKE,MA,8709,0.23
537,2022,1,80,LÉO PÉRICLES,MA,630,0.02
538,2022,1,16,VERA,MA,799,0.02
539,2022,1,15,SIMONE TEBET,MA,78254,2.07
540,2022,1,21,SOFIA MANZANO,MG,4431,0.04
541,2022,1,27,CONSTITUINTE EYMAEL,MG,1588,0.01
542,2022,1,13,LULA,MG,5802571,48.29
543,2022,1,12,CIRO GOMES,MG,310324,2.58
544,2022,1,14,ROBERTO JEFFERSON,MG,7309,0.06
545,2022,1,14,PADRE KELMON,MG,7309,0.06
546,2022,1,30,FELIPE D AVILA,MG,98526,0.82
547,2022,1,22,JAIR BOLSONARO,MG,5239264,43.6
548,2022,1,44,SORAYA THRONICKE,MG,44109,0.37
549,2022,1,80,LÉO PÉRICLES,MG,5241,0.04
550,2022,1,16,VERA,MG,2612,0.02
551,2022,1,15,SIMONE TEBET,MG,500658,4.17
552,2022,1,21,SOFIA MANZANO,MS,371,0.02
553,2022,1,27,CONSTITUINTE EYMAEL,MS,152,0.01
554,2022,1,13,LULA,MS,588323,39.04
555,2022,1,12,CIRO GOMES,MS,29314,1.95
556,2022,1,14,ROBERTO JEFFERSON,MS,1057,0.07
557,2022,1,14,PADRE KELMON,MS,1057,0.07
558,2022,1,30,FELIPE D AVILA,MS,5193,0.34
559,2022,1,22,JAIR BOLSONARO,MS,794206,52.7
560,2022,1,44,SORAYA THRONICKE,MS,8082,0.54
561,2022,1,80,LÉO PÉRICLES,MS,350,0.02
562,2022,1,16,VERA,MS,222,0.01
563,2022,1,15,SIMONE TEBET,MS,79719,5.29
564,2022,1,21,SOFIA MANZANO,MT,406,0.02
565,2022,1,27,CONSTITUINTE EYMAEL,MT,195,0.01
566,2022,1,13,LULA,MT,633748,34.39
567,2022,1,12,CIRO GOMES,MT,29437,1.6
568,2022,1,14,ROBERTO JEFFERSON,MT,2545,0.14
569,2022,1,14,PADRE KELMON,MT,2545,0.14
570,2022,1,30,FELIPE D AVILA,MT,4371,0.24
571,2022,1,22,JAIR BOLSONARO,MT,1102866,59.84
572,2022,1,44,SORAYA THRONICKE,MT,12715,0.69
573,2022,1,80,LÉO PÉRICLES,MT,366,0.02
574,2022,1,16,VERA,MT,250,0.01
575,2022,1,15,SIMONE TEBET,MT,55989,3.04
576,2022,1,21,SOFIA MANZANO,PA,920,0.02
577,2022,1,27,CONSTITUINTE EYMAEL,PA,349,0.01
578,2022,1,13,LULA,PA,2443730,52.22
579,2022,1,12,CIRO GOMES,PA,116057,2.48
580,2022,1,14,ROBERTO JEFFERSON,PA,2783,0.06
581,2022,1,14,PADRE KELMON,PA,2783,0.06
582,2022,1,30,FELIPE D AVILA,PA,6130,0.13
583,2022,1,22,JAIR BOLSONARO,PA,1884673,40.27
584,2022,1,44,SORAYA THRONICKE,PA,19297,0.41
585,2022,1,80,LÉO PÉRICLES,PA,1004,0.02
586,2022,1,16,VERA,PA,918,0.02
587,2022,1,15,SIMONE TEBET,PA,204075,4.36
588,2022,1,21,SOFIA MANZANO,PB,634,0.03
589,2022,1,27,CONSTITUINTE EYMAEL,PB,283,0.01
590,2022,1,13,LULA,PB,1554868,64.21
591,2022,1,12,CIRO GOMES,PB,76225,3.15
592,2022,1,14,ROBERTO JEFFERSON,PB,1489,0.06
593,2022,1,14,PADRE KELMON,PB,1489,0.06
594,2022,1,30,FELIPE D AVILA,PB,3996,0.17
595,2022,1,22,JAIR BOLSONARO,PB,717416,29.62
596,2022,1,44,SORAYA THRONICKE,PB,8713,0.36
597,2022,1,80,LÉO PÉRICLES,PB,578,0.02
598,2022,1,16,VERA,PB,332,0.01
599,2022,1,15,SIMONE TEBET,PB,57154,2.36
600,2022,1,21,SOFIA MANZANO,PE,1419,0.03
601,2022,1,27,CONSTITUINTE EYMAEL,PE,456,0.01
602,2022,1,13,LULA,PE,3558322,65.27
603,2022,1,12,CIRO GOMES,PE,130015,2.38
604,2022,1,14,ROBERTO JEFFERSON,PE,2991,0.05
605,2022,1,14,PADRE KELMON,PE,2991,0.05
606,2022,1,30,FELIPE D AVILA,PE,8633,0.16
607,2022,1,22,JAIR BOLSONARO,PE,1630938,29.91
608,2022,1,44,SORAYA THRONICKE,PE,20686,0.38
609,2022,1,80,LÉO PÉRICLES,PE,1214,0.02
610,2022,1,16,VERA,PE,765,0.01
611,2022,1,15,SIMONE TEBET,PE,96570,1.77
612,2022,1,21,SOFIA MANZANO,PI,427,0.02
613,2022,1,27,CONSTITUINTE EYMAEL,PI,150,0.01
614,2022,1,13,LULA,PI,1518008,74.25
615,2022,1,12,CIRO GOMES,PI,59321,2.9
616,2022,1,14,ROBERTO JEFFERSON,PI,1122,0.05
617,2022,1,14,PADRE KELMON,PI,1122,0.05
618,2022,1,30,FELIPE D AVILA,PI,2562,0.13
619,2022,1,22,JAIR BOLSONARO,PI,406897,19.9
620,2022,1,44,SORAYA THRONICKE,PI,13053,0.64
621,2022,1,80,LÉO PÉRICLES,PI,350,0.02
622,2022,1,16,VERA,PI,317,0.02
623,2022,1,15,SIMONE TEBET,PI,42179,2.06
624,2022,1,21,SOFIA MANZANO,PR,2744,0.04
625,2022,1,27,CONSTITUINTE EYMAEL,PR,1104,0.02
626,2022,1,13,LULA,PR,2363492,35.99
627,2022,1,12,CIRO GOMES,PR,180599,2.75
628,2022,1,14,ROBERTO JEFFERSON,PR,5161,0.08
629,2022,1,14,PADRE KELMON,PR,5161,0.08
630,2022,1,30,FELIPE D AVILA,PR,37983,0.58
631,2022,1,22,JAIR BOLSONARO,PR,3628612,55.26
632,2022,1,44,SORAYA THRONICKE,PR,34125,0.52
633,2022,1,80,LÉO PÉRICLES,PR,2089,0.03
634,2022,1,16,VERA,PR,1170,0.02
635,2022,1,15,SIMONE TEBET,PR,309685,4.72
636,2022,1,21,SOFIA MANZANO,RJ,4458,0.05
637,2022,1,27,CONSTITUINTE EYMAEL,RJ,1546,0.02
638,2022,1,13,LULA,RJ,3847143,40.68
639,2022,1,12,CIRO GOMES,RJ,301489,3.19
640,2022,1,14,ROBERTO JEFFERSON,RJ,7760,0.08
641,2022,1,14,PADRE KELMON,RJ,7760,0.08
642,2022,1,30,FELIPE D AVILA,RJ,43091,0.46
643,2022,1,22,JAIR BOLSONARO,RJ,4831246,51.09
644,2022,1,44,SORAYA THRONICKE,RJ,44252,0.47
645,2022,1,80,LÉO PÉRICLES,RJ,7080,0.07
646,2022,1,16,VERA,RJ,2643,0.03
647,2022,1,15,SIMONE TEBET,RJ,365969,3.87
648,2022,1,21,SOFIA MANZANO,RN,606,0.03
649,2022,1,27,CONSTITUINTE EYMAEL,RN,243,0.01
650,2022,1,13,LULA,RN,1264179,62.98
651,2022,1,12,CIRO GOMES,RN,71740,3.57
652,2022,1,14,ROBERTO JEFFERSON,RN,860,0.04
653,2022,1,14,PADRE KELMON,RN,860,0.04
654,2022,1,30,FELIPE D AVILA,RN,2937,0.15
655,2022,1,22,JAIR BOLSONARO,RN,622731,31.02
656,2022,1,44,SORAYA THRONICKE,RN,4326,0.22
657,2022,1,80,LÉO PÉRICLES,RN,587,0.03
658,2022,1,16,VERA,RN,422,0.02
659,2022,1,15,SIMONE TEBET,RN,38633,1.92
660,2022,1,21,SOFIA MANZANO,RO,232,0.03
661,2022,1,27,CONSTITUINTE EYMAEL,RO,111,0.01
662,2022,1,13,LULA,RO,261749,28.98
663,2022,1,12,CIRO GOMES,RO,19353,2.14
664,2022,1,14,ROBERTO JEFFERSON,RO,749,0.08
665,2022,1,14,PADRE KELMON,RO,749,0.08
666,2022,1,30,FELIPE D AVILA,RO,2398,0.27
667,2022,1,22,JAIR BOLSONARO,RO,581306,64.36
668,2022,1,44,SORAYA THRONICKE,RO,5777,0.64
669,2022,1,80,LÉO PÉRICLES,RO,204,0.02
670,2022,1,16,VERA,RO,139,0.02
671,2022,1,15,SIMONE TEBET,RO,31217,3.46
672,2022,1,21,SOFIA MANZANO,RR,64,0.02
673,2022,1,27,CONSTITUINTE EYMAEL,RR,37,0.01
674,2022,1,13,LULA,RR,68760,23.05
675,2022,1,12,CIRO GOMES,RR,6709,2.25
676,2022,1,14,ROBERTO JEFFERSON,RR,190,0.06
677,2022,1,14,PADRE KELMON,RR,190,0.06
678,2022,1,30,FELIPE D AVILA,RR,794,0.27
679,2022,1,22,JAIR BOLSONARO,RR,207587,69.57
680,2022,1,44,SORAYA THRONICKE,RR,1138,0.38
681,2022,1,80,LÉO PÉRICLES,RR,59,0.02
682,2022,1,16,VERA,RR,75,0.03
683,2022,1,15,SIMONE TEBET,RR,12956,4.34
684,2022,1,21,SOFIA MANZANO,RS,2399,0.04
685,2022,1,27,CONSTITUINTE EYMAEL,RS,885,0.01
686,2022,1,13,LULA,RS,2806672,42.28
687,2022,1,12,CIRO GOMES,RS,190945,2.88
688,2022,1,14,ROBERTO JEFFERSON,RS,4394,0.07
689,2022,1,14,PADRE KELMON,RS,4394,0.07
690,2022,1,30,FELIPE D AVILA,RS,40601,0.61
691,2022,1,22,JAIR BOLSONARO,RS,3245023,48.89
692,2022,1,44,SORAYA THRONICKE,RS,25207,0.38
693,2022,1,80,LÉO PÉRICLES,RS,2332,0.04
694,2022,1,16,VERA,RS,1337,0.02
695,2022,1,15,SIMONE TEBET,RS,317957,4.79
696,2022,1,21,SOFIA MANZANO,SC,1812,0.04
697,2022,1,27,CONSTITUINTE EYMAEL,SC,567,0.01
698,2022,1,13,LULA,SC,1279216,29.54
699,2022,1,12,CIRO GOMES,SC,88672,2.05
700,2022,1,14,ROBERTO JEFFERSON,SC,3369,0.08
701,2022,1,14,PADRE KELMON,SC,3369,0.08
702,2022,1,30,FELIPE D AVILA,SC,48980,1.13
703,2022,1,22,JAIR BOLSONARO,SC,2694406,62.21
704,2022,1,44,SORAYA THRONICKE,SC,20132,0.46
705,2022,1,80,LÉO PÉRICLES,SC,1682,0.04
706,2022,1,16,VERA,SC,838,0.02
707,2022,1,15,SIMONE TEBET,SC,191310,4.42
708,2022,1,21,SOFIA MANZANO,SE,364,0.03
709,2022,1,27,CONSTITUINTE EYMAEL,SE,196,0.02
710,2022,1,13,LULA,SE,828716,63.82
711,2022,1,12,CIRO GOMES,SE,40247,3.1
712,2022,1,14,ROBERTO JEFFERSON,SE,631,0.05
713,2022,1,14,PADRE KELMON,SE,631,0.05
714,2022,1,30,FELIPE D AVILA,SE,2194,0.17
715,2022,1,22,JAIR BOLSONARO,SE,378610,29.16
716,2022,1,44,SORAYA THRONICKE,SE,4416,0.34
717,2022,1,80,LÉO PÉRICLES,SE,396,0.03
718,2022,1,16,VERA,SE,589,0.05
719,2022,1,15,SIMONE TEBET,SE,42073,3.24
720,2022,1,21,SOFIA MANZANO,SP,14943,0.06
721,2022,1,27,CONSTITUINTE EYMAEL,SP,5015,0.02
722,2022,1,13,LULA,SP,10490032,40.89
723,2022,1,12,CIRO GOMES,SP,898540,3.5
724,2022,1,14,ROBERTO JEFFERSON,SP,15784,0.06
725,2022,1,14,PADRE KELMON,SP,15784,0.06
726,2022,1,30,FELIPE D AVILA,SP,183719,0.72
727,2022,1,22,JAIR BOLSONARO,SP,12239989,47.71
728,2022,1,44,SORAYA THRONICKE,SP,153601,0.6
729,2022,1,80,LÉO PÉRICLES,SP,21665,0.08
730,2022,1,16,VERA,SP,7450,0.03
731,2022,1,15,SIMONE TEBET,SP,1625596,6.34
732,2022,1,21,SOFIA MANZANO,TO,149,0.02
733,2022,1,27,CONSTITUINTE EYMAEL,TO,105,0.01
734,2022,1,13,LULA,TO,434303,50.4
735,2022,1,12,CIRO GOMES,TO,18141,2.11
736,2022,1,14,ROBERTO JEFFERSON,TO,418,0.05
737,2022,1,14,PADRE KELMON,TO,418,0.05
738,2022,1,30,FELIPE D AVILA,TO,1266,0.15
739,2022,1,22,JAIR BOLSONARO,TO,379194,44.0
740,2022,1,44,SORAYA THRONICKE,TO,2788,0.32
741,2022,1,80,LÉO PÉRICLES,TO,129,0.01
742,2022,1,16,VERA,TO,90,0.01
743,2022,1,15,SIMONE TEBET,TO,25209,2.93
744,2022,1,21,SOFIA MANZANO,ZZ,618,0.21
745,2022,1,27,CONSTITUINTE EYMAEL,ZZ,258,0.09
746,2022,1,13,LULA,ZZ,138933,47.17
747,2022,1,12,CIRO GOMES,ZZ,13341,4.53
748,2022,1,14,ROBERTO JEFFERSON,ZZ,344,0.12
749,2022,1,14,PADRE KELMON,ZZ,344,0.12
750,2022,1,30,FELIPE D AVILA,ZZ,3780,1.28
751,2022,1,22,JAIR BOLSONARO,ZZ,122548,41.61
752,2022,1,44,SORAYA THRONICKE,ZZ,753,0.26
753,2022,1,80,LÉO PÉRICLES,ZZ,319,0.11
754,2022,1,16,VERA,ZZ,464,0.16
755,2022,1,15,SIMONE TEBET,ZZ,13167,4.47
